id	deck_name	category	subcategory	study_tier	suggested_start_week	kind	study_role	core_featured	app_active_default	japanese	romaji	english	usage_note	example_japanese	example_english	literal_breakdown	recommended_directions	issues	fixes_applied	source_order	source_note_id
MJD-001	JP Missions :: 00 Foundation	foundation	grammar	support	1	grammar_support	support	False	False	は	wa — topic marker	Topic marker	Points to what you're talking about. Written は but said 'wa' as a particle.	私は アメリカ人 です。	I am American.	I [topic] → American → am.	jp_to_en			1	1776306275837
MJD-002	JP Missions :: 00 Foundation	foundation	grammar	support	1	grammar_support	support	False	False	が	ga — subject marker	Subject marker	Marks WHO is doing the action. Used for emphasis or introducing something new.	神様が あなたを 愛しています。	God loves you.	God [subject] → you [object] → loves.	jp_to_en			2	1776306275839
MJD-003	JP Missions :: 00 Foundation	foundation	grammar	support	1	grammar_support	support	False	False	を	o — object marker	Object marker	Marks the thing receiving the action — what is being read, loved, or eaten.	聖書を 読みます。	I read the Bible.	Bible [object] → read.	jp_to_en			3	1776306275841
MJD-004	JP Missions :: 00 Foundation	foundation	grammar	support	1	grammar_support	support	False	False	の	no — possessive	Possessive — like 's in English	Connects two nouns. The first one owns the second. 私の = my.	私の 名前は ジョンです。	My name is Jon.	My [possessive] → name [topic] → Jon is.	jp_to_en			4	1776306275843
MJD-005	JP Missions :: 00 Foundation	foundation	grammar	support	1	grammar_support	support	False	False	に	ni — to / at / on	To / At / On	Shows direction or location. Points toward where you're going or where something is.	教会に 来てください。	Please come to the church.	Church [direction] → please come.	jp_to_en			5	1776306275845
MJD-006	JP Missions :: 00 Foundation	foundation	grammar	support	1	grammar_support	support	False	False	で	de — at / by	Where action happens / By means of	Shows WHERE something takes place, or the tool/method used to do it.	バスで 行きます。	I'll go by bus.	Bus [by means of] → go.	jp_to_en			6	1776306275847
MJD-007	JP Missions :: 00 Foundation	foundation	grammar	support	1	grammar_support	support	False	False	と	to — and / with	And / With	Connects nouns together, or means 'together with' a person.	友達と 教会に 行きます。	I'll go to church with a friend.	Friend [with] → church [to] → go.	jp_to_en			7	1776306275849
MJD-008	JP Missions :: 00 Foundation	foundation	grammar	support	1	grammar_support	support	False	False	も	mo — also / too	Also / Too / Me too	Replaces は or が to say 'also.' Great for agreeing or including yourself.	私も クリスチャン です。	I am also a Christian.	I [also] → Christian → am.	jp_to_en			8	1776306275851
MJD-009	JP Missions :: 00 Foundation	foundation	grammar	support	1	grammar_support	support	False	False	か	ka — question	Question marker	Add か to the END of any sentence to make it a question. No word order change needed!	教会に 来ますか？	Will you come to church?	Church [to] → come? [question]	jp_to_en			9	1776306275853
MJD-010	JP Missions :: 00 Foundation	foundation	grammar	support	1	grammar_support	support	False	False	ね	ne — right?	Right? / Isn't it?	Added to the end to seek agreement or soften a statement. Very friendly and common.	いい天気 ですね。	Nice weather, isn't it?	Good weather → is, right?	jp_to_en			10	1776306275855
MJD-011	JP Missions :: 00 Foundation	foundation	grammar	support	1	grammar_support	support	False	False	から	kara — from	From / Because	After a place = 'from.' You will say アメリカから every single day on this trip.	アメリカから 来ました。	I came from America.	America [from] → came.	jp_to_en			11	1776306275857
MJD-012	JP Missions :: 00 Foundation	foundation	grammar	support	1	grammar_support	support	False	False	まで	made — until / up to	Until / Up to	Shows an endpoint in space or time. 駅まで = up to the station.	駅まで 行きたいです。	I want to go to the station.	Station [up to] → want to go.	jp_to_en			12	1776306275859
MJD-013	JP Missions :: 00 Foundation	foundation	grammar	support	1	grammar_support	support	False	False	です	desu — polite 'to be'	Is / Am / Are (polite)	The polite 'to be.' Ends almost every sentence. Makes you sound respectful.	私は クリスチャン です。	I am a Christian.	I [topic] → Christian → am.	jp_to_en			13	1776306275861
MJD-014	JP Missions :: 00 Foundation	foundation	grammar	support	1	grammar_support	support	False	False	ます	masu — polite verb	Polite verb ending (present / future)	Attaches to a verb to make it polite. 行きます = I go. 食べます = I eat.	毎日 祈ります。	I pray every day.	Every day → pray.	jp_to_en			14	1776306275863
MJD-015	JP Missions :: 00 Foundation	foundation	grammar	support	1	grammar_support	support	False	False	ません	masen — polite negative	Do not (polite negative)	Negative version of ます. 行きません = I don't go. 食べません = I don't eat.	肉を 食べません。	I don't eat meat.	Meat [object] → don't eat.	jp_to_en			15	1776306275865
MJD-016	JP Missions :: 00 Foundation	foundation	grammar	support	1	grammar_support	support	False	False	ました	mashita — polite past	Did (polite past tense)	Past tense of ます. Swap ます → ました. 来ました = I came. 食べました = I ate.	アメリカから 来ました。	I came from America.	America [from] → came.	jp_to_en			16	1776306275867
MJD-017	JP Missions :: 00 Foundation	foundation	grammar	support	1	grammar_support	support	False	False	〜てください	te kudasai — please do	Please do ___ (polite request)	Attach to a verb to make a polite request. ゆっくり話してください = please speak slowly.	ゆっくり 話してください。	Please speak slowly.	Slowly → please speak.	jp_to_en			17	1776306275869
MJD-039-1	JP Missions :: 00 Foundation	foundation	numbers	support	1	vocab	support	False	False	一	ichi	One	The first three numbers. に also means 'two' — same sound as the particle に, don't confuse them!	三人 います。	There are three people.	Three people → there are.	jp_to_en	multi_concept_source_card	split_into_atomic_entries	39	1776306275913
MJD-039-2	JP Missions :: 00 Foundation	foundation	numbers	support	1	vocab	support	False	False	二	ni	Two	The first three numbers. に also means 'two' — same sound as the particle に, don't confuse them!	三人 います。	There are three people.	Three people → there are.	jp_to_en	multi_concept_source_card	split_into_atomic_entries	39	1776306275913
MJD-039-3	JP Missions :: 00 Foundation	foundation	numbers	support	1	vocab	support	False	False	三	san	Three	The first three numbers. に also means 'two' — same sound as the particle に, don't confuse them!	三人 います。	There are three people.	Three people → there are.	jp_to_en	multi_concept_source_card	split_into_atomic_entries	39	1776306275913
MJD-040-1	JP Missions :: 00 Foundation	foundation	numbers	support	1	vocab	support	False	False	四	yon / shi	Four	Four has two readings: し (shi) or よん (yon). よん is more common in conversation.	五時に 来てください。	Please come at five o'clock.	Five o'clock [at] → please come.	jp_to_en	multi_concept_source_card	split_into_atomic_entries	40	1776306275915
MJD-040-2	JP Missions :: 00 Foundation	foundation	numbers	support	1	vocab	support	False	False	五	go	Five	Four has two readings: し (shi) or よん (yon). よん is more common in conversation.	五時に 来てください。	Please come at five o'clock.	Five o'clock [at] → please come.	jp_to_en	multi_concept_source_card	split_into_atomic_entries	40	1776306275915
MJD-040-3	JP Missions :: 00 Foundation	foundation	numbers	support	1	vocab	support	False	False	六	roku	Six	Four has two readings: し (shi) or よん (yon). よん is more common in conversation.	五時に 来てください。	Please come at five o'clock.	Five o'clock [at] → please come.	jp_to_en	multi_concept_source_card	split_into_atomic_entries	40	1776306275915
MJD-041-1	JP Missions :: 00 Foundation	foundation	numbers	support	1	vocab	support	False	False	七	nana / shichi	Seven	Seven = しち or なな. Nine = く or きゅう. Both readings are used — context tells you which.	九時に 礼拝が 始まります。	The service starts at nine o'clock.	Nine o'clock [at] → service [subject] → starts.	jp_to_en	multi_concept_source_card	split_into_atomic_entries	41	1776306275917
MJD-041-2	JP Missions :: 00 Foundation	foundation	numbers	support	1	vocab	support	False	False	八	hachi	Eight	Seven = しち or なな. Nine = く or きゅう. Both readings are used — context tells you which.	九時に 礼拝が 始まります。	The service starts at nine o'clock.	Nine o'clock [at] → service [subject] → starts.	jp_to_en	multi_concept_source_card	split_into_atomic_entries	41	1776306275917
MJD-041-3	JP Missions :: 00 Foundation	foundation	numbers	support	1	vocab	support	False	False	九	kyuu / ku	Nine	Seven = しち or なな. Nine = く or きゅう. Both readings are used — context tells you which.	九時に 礼拝が 始まります。	The service starts at nine o'clock.	Nine o'clock [at] → service [subject] → starts.	jp_to_en	multi_concept_source_card	split_into_atomic_entries	41	1776306275917
MJD-042-1	JP Missions :: 00 Foundation	foundation	numbers	support	1	vocab	support	False	False	十	juu	Ten	十 = 10. 十一 = 11. 二十 = 20. 百 = 100. 千 = 1,000. Stack numbers to make bigger ones.	千円 です。	It is one thousand yen.	One thousand yen → is.	jp_to_en	multi_concept_source_card	split_into_atomic_entries	42	1776306275919
MJD-042-2	JP Missions :: 00 Foundation	foundation	numbers	support	1	vocab	support	False	False	百	hyaku	Hundred	十 = 10. 十一 = 11. 二十 = 20. 百 = 100. 千 = 1,000. Stack numbers to make bigger ones.	千円 です。	It is one thousand yen.	One thousand yen → is.	jp_to_en	multi_concept_source_card	split_into_atomic_entries	42	1776306275919
MJD-042-3	JP Missions :: 00 Foundation	foundation	numbers	support	1	vocab	support	False	False	千	sen	Thousand	十 = 10. 十一 = 11. 二十 = 20. 百 = 100. 千 = 1,000. Stack numbers to make bigger ones.	千円 です。	It is one thousand yen.	One thousand yen → is.	jp_to_en	multi_concept_source_card	split_into_atomic_entries	42	1776306275919
MJD-018	JP Missions :: 01 Relationship	relationship	greetings_and_repair	must_now	1	phrase	active	False	True	おはようございます	ohayou gozaimasu	Good morning (polite)	Use with anyone you don't know well. With close friends, おはよう alone is fine.	おはようございます！今日も よい一日を。	Good morning! Have a great day today too.	Good morning! Today also → good day [have].	jp_to_en, en_to_jp			18	1776306275871
MJD-019	JP Missions :: 01 Relationship	relationship	greetings_and_repair	must_now	1	phrase	active	False	True	こんにちは	konnichiwa	Hello / Good afternoon	The standard daytime greeting. Safe to use with absolutely anyone.	こんにちは！はじめまして。	Hello! Nice to meet you.	Hello! → First time meeting.	jp_to_en, en_to_jp			19	1776306275873
MJD-020	JP Missions :: 01 Relationship	relationship	greetings_and_repair	must_now	1	phrase	active	False	True	こんばんは	konbanwa	Good evening	Used after the sun goes down. Same politeness as こんにちは.	こんばんは！礼拝は どうでしたか？	Good evening! How was the service?	Good evening! Service [topic] → how was?	jp_to_en, en_to_jp			20	1776306275875
MJD-021	JP Missions :: 01 Relationship	relationship	greetings_and_repair	must_now	1	phrase	active	False	True	おやすみなさい	oyasumi nasai	Good night	Said when someone is going to sleep or leaving for the night. Not a general goodbye.	おやすみなさい。また明日！	Good night. See you tomorrow!	Good night. Again tomorrow!	jp_to_en, en_to_jp			21	1776306275877
MJD-022	JP Missions :: 01 Relationship	relationship	greetings_and_repair	must_now	1	phrase	active	False	True	さようなら	sayounara	Goodbye (formal / final)	Carries a sense of finality — like you won't see them for a long time. Use またね for casual.	さようなら。また来年 会いましょう。	Goodbye. Let's meet again next year.	Goodbye. Again next year → let's meet.	jp_to_en, en_to_jp	high_formality_or_finality		22	1776306275879
MJD-023-1	JP Missions :: 01 Relationship	relationship	greetings_and_repair	must_now	1	phrase	active	False	True	じゃあね	jaa ne	See you / bye	Casual goodbye used with people you know.	じゃあね！連絡してね。	Bye! Stay in touch.	Bye! Contact [please do], okay?	jp_to_en, en_to_jp	multi_concept_source_card	split_into_atomic_entries	23	1776306275881
MJD-023-2	JP Missions :: 01 Relationship	relationship	greetings_and_repair	must_now	1	phrase	active	False	True	またね	mata ne	See you later / bye for now	Friendly warm goodbye; better than さようなら for casual follow-up.	じゃあね！連絡してね。	Bye! Stay in touch.	Bye! Contact [please do], okay?	jp_to_en, en_to_jp	multi_concept_source_card	split_into_atomic_entries	23	1776306275881
MJD-024	JP Missions :: 01 Relationship	relationship	greetings_and_repair	must_now	1	phrase	active	False	True	はじめまして	hajimemashite	Nice to meet you (first meeting only)	ONLY for the very first time you meet someone. Always follow with よろしくお願いします.	はじめまして。ジョンです。よろしく！	Nice to meet you. I'm Jon. Pleased to meet you!	First meeting. Jon → am. Please treat me well!	jp_to_en, en_to_jp			24	1776306275883
MJD-025	JP Missions :: 01 Relationship	relationship	greetings_and_repair	must_now	1	phrase	active	False	True	よろしくお願いします	yoroshiku onegaishimasu	Pleased to meet you / Please be kind to me	No perfect English translation. Closes a self-intro and expresses goodwill. Never skip it!	アメリカから来ました。よろしくお願いします。	I came from America. Pleased to meet you.	America [from] came. → Kindly please treat me.	jp_to_en, en_to_jp			25	1776306275885
MJD-026	JP Missions :: 01 Relationship	relationship	greetings_and_repair	must_now	1	phrase	active	False	True	ありがとうございます	arigatou gozaimasu	Thank you (polite)	The full polite thank you. Use with anyone you want to show respect.	助けてくれて ありがとうございます。	Thank you for helping me.	Help [giving me] → thank you.	jp_to_en, en_to_jp			26	1776306275887
MJD-027	JP Missions :: 01 Relationship	relationship	greetings_and_repair	must_now	1	phrase	active	False	True	どういたしまして	douitashimashite	You're welcome	Formal response to ありがとう. In casual settings, 大丈夫 or いいえ also work.	ありがとう！— どういたしまして。	Thank you! — You're welcome.	Thank you! → You're welcome.	jp_to_en, en_to_jp			27	1776306275889
MJD-028	JP Missions :: 01 Relationship	relationship	greetings_and_repair	must_now	1	phrase	active	False	True	すみません	sumimasen	Excuse me / I'm sorry	Gets someone's attention OR lightly apologizes. One of the most-used words on any Japan trip!	すみません、トイレは どこですか？	Excuse me, where is the restroom?	Excuse me, restroom [topic] → where is?	jp_to_en, en_to_jp			28	1776306275891
MJD-029	JP Missions :: 01 Relationship	relationship	greetings_and_repair	must_now	1	phrase	active	False	True	ごめんなさい	gomen nasai	I'm sorry (genuine apology)	Stronger than すみません. Use when you've actually done something wrong.	遅れて ごめんなさい。	I'm sorry for being late.	Being late [for] → I'm sorry.	jp_to_en, en_to_jp			29	1776306275893
MJD-030	JP Missions :: 01 Relationship	relationship	greetings_and_repair	must_now	1	phrase	active	False	True	大丈夫です	daijoubu desu	It's okay / I'm fine / No problem	Very versatile. Can mean 'I'm fine,' 'no worries,' or even 'no thank you' depending on context.	大丈夫ですか？— はい、大丈夫です。	Are you okay? — Yes, I'm fine.	Okay are you? → Yes, okay am.	jp_to_en, en_to_jp			30	1776306275895
MJD-031-1	JP Missions :: 01 Relationship	relationship	greetings_and_repair	must_now	1	phrase	active	False	True	はい	hai	Yes	Polite yes.	教会に来ますか？— はい、行きます。	Will you come to church? — Yes, I will.	Church to come? → Yes, go.	jp_to_en, en_to_jp	multi_concept_source_card	split_into_atomic_entries	31	1776306275897
MJD-031-2	JP Missions :: 01 Relationship	relationship	greetings_and_repair	must_now	1	phrase	active	False	True	いいえ	iie	No	Polite no.	教会に来ますか？— はい、行きます。	Will you come to church? — Yes, I will.	Church to come? → Yes, go.	jp_to_en, en_to_jp	multi_concept_source_card	split_into_atomic_entries	31	1776306275897
MJD-032	JP Missions :: 01 Relationship	relationship	greetings_and_repair	must_now	1	phrase	active	False	True	わかります	wakarimasu	I understand	わかります = I understand. わかりません = I don't understand. You'll use both constantly.	少し わかります。でも、ゆっくり 話してください。	I understand a little. But please speak slowly.	A little → understand. But, slowly → please speak.	jp_to_en, en_to_jp			32	1776306275899
MJD-033	JP Missions :: 01 Relationship	relationship	greetings_and_repair	must_now	1	phrase	active	False	True	もう一度お願いします	mou ichido onegaishimasu	Please say that again	Literally 'one more time, please.' Never be embarrassed to use this — people will appreciate it.	すみません、もう一度 お願いします。	Excuse me, please say that again.	Excuse me, one more time → please.	jp_to_en, en_to_jp			33	1776306275901
MJD-034	JP Missions :: 01 Relationship	relationship	greetings_and_repair	must_now	1	phrase	active	False	True	日本語が少しわかります	nihongo ga sukoshi wakarimasu	I understand a little Japanese	少し = a little. Humble and honest. Sets good expectations and earns instant goodwill.	日本語が少しわかります。英語を 話せますか？	I understand a little Japanese. Do you speak English?	Japanese [subject] a little understand. English [object] → speak can?	jp_to_en, en_to_jp			34	1776306275903
MJD-035	JP Missions :: 01 Relationship	relationship	greetings_and_repair	must_now	1	phrase	active	False	True	お元気ですか？	ogenki desu ka?	How are you? (polite)	お元気 = your wellbeing (お makes it polite). A warm, caring way to greet someone.	お元気ですか？— はい、元気です！	How are you? — Yes, I'm well!	Well are you? → Yes, well am!	jp_to_en, en_to_jp			35	1776306275905
MJD-036	JP Missions :: 01 Relationship	relationship	greetings_and_repair	must_now	1	phrase	active	False	True	そうですね	sou desu ne	That's right / I agree / Indeed	One of the most natural filler phrases in Japanese. Shows you're listening and agreeing.	日本は美しいですね。— そうですね！	Japan is beautiful, isn't it. — Yes, indeed!	Japan [topic] beautiful is, right? → That's right!	jp_to_en, en_to_jp			36	1776306275907
MJD-037	JP Missions :: 01 Relationship	relationship	greetings_and_repair	must_now	1	phrase	active	False	True	なるほど	naruhodo	I see / Makes sense / Ah, I understand	Said when something clicks. A very natural response when someone explains something to you.	このバスは 札幌駅に 行きます。— なるほど！	This bus goes to Sapporo Station. — Ah, I see!	This bus [topic] → Sapporo station [to] → goes. — I see!	jp_to_en, en_to_jp			37	1776306275909
MJD-038	JP Missions :: 01 Relationship	relationship	greetings_and_repair	must_now	1	phrase	active	False	True	また会いましょう	mata aimashou	Let's meet again	また = again. 会いましょう = let's meet. Warm and genuine — perfect for ending a good conversation.	また会いましょう。連絡してください。	Let's meet again. Please keep in touch.	Again → let's meet. Contact → please do.	jp_to_en, en_to_jp			38	1776306275911
MJD-128	JP Missions :: 01 Relationship	relationship	self_intro	must_now	1	core_sentence	production	True	True	はじめまして。アメリカの教会から来ました。よろしくお願いします。	hajimemashite. amerika no kyoukai kara kimashita. yoroshiku onegaishimasu.	The complete self-introduction	This is your opening. Say it every single time you meet someone new. Own it completely.	はじめまして。アメリカの教会から来ました。よろしくお願いします。	Nice to meet you. I came from a church in America. Pleased to meet you.	First meeting. America's church [from] came. Kindly please treat me.	jp_to_en, en_to_jp, shadowing			128	1776306276091
MJD-107	JP Missions :: 01 Relationship	relationship	connection_and_followup	must_now	2	phrase	active	False	True	またお話しできますか？	mata ohanashi dekimasu ka?	Can we talk again?	また = again. お話し = conversation (polite). できますか？ = can we/is it possible?	またお話し できますか？	Can we talk again?	Again talking → can we?	jp_to_en, en_to_jp			107	1776306276049
MJD-108	JP Missions :: 01 Relationship	relationship	connection_and_followup	must_now	2	phrase	active	False	True	連絡先を交換しませんか？	renrakusaki wo koukan shimasen ka?	Would you like to exchange contact info?	連絡先 = contact information. 交換する = to exchange. 〜しませんか？ = wouldn't you like to?	連絡先を 交換しませんか？	Would you like to exchange contact info?	Contact info [object] → wouldn't you like to exchange?	jp_to_en, en_to_jp			108	1776306276051
MJD-109	JP Missions :: 01 Relationship	relationship	connection_and_followup	must_now	2	phrase	active	False	True	札幌	Sapporo	Sapporo	The city where you'll be. 札幌駅 = Sapporo Station. 大通り = Odori (main street area).	札幌は 美しい街 です。	Sapporo is a beautiful city.	Sapporo [topic] → beautiful city → is.	jp_to_en, en_to_jp			109	1776306276053
MJD-110	JP Missions :: 01 Relationship	relationship	connection_and_followup	must_now	2	phrase	active	False	True	___行きのバスはどこですか？	___ yuki no basu wa doko desu ka?	Where is the bus going to ___?	___行き = bound for ___. の = possessive. Just fill in your destination before 行き.	教会行きのバスは どこですか？	Where is the bus going to the church?	Church-bound bus [topic] → where is?	jp_to_en, en_to_jp			110	1776306276055
MJD-111	JP Missions :: 01 Relationship	relationship	connection_and_followup	must_now	2	phrase	active	False	True	乗り換えが必要ですか？	norikae ga hitsuyou desu ka?	Do I need to transfer?	乗り換え = transfer (switching vehicles). 必要 = necessary/needed. Good to ask bus drivers.	乗り換えが 必要ですか？	Do I need to transfer?	Transfer [subject] → necessary is?	jp_to_en, en_to_jp			111	1776306276057
MJD-112	JP Missions :: 01 Relationship	relationship	connection_and_followup	must_now	2	phrase	active	False	True	何番線ですか？	nanban sen desu ka?	Which platform / line number?	何番 = what number. 線 = line/track. Ask this at stations to find the right platform.	札幌行きは 何番線ですか？	Which platform for Sapporo?	Sapporo-bound [topic] → which line is?	jp_to_en, en_to_jp			112	1776306276059
MJD-113	JP Missions :: 01 Relationship	relationship	connection_and_followup	must_now	2	phrase	active	False	True	時刻表はありますか？	jikokuhyou wa arimasu ka?	Is there a timetable?	時刻 = time. 表 = chart/table. A bus or train schedule. Very useful for planning.	バスの時刻表は ありますか？	Is there a bus timetable?	Bus timetable [topic] → is there?	jp_to_en, en_to_jp			113	1776306276061
MJD-114	JP Missions :: 01 Relationship	relationship	connection_and_followup	must_now	2	phrase	active	False	True	助けてください	tasukete kudasai	Please help me	助ける = to help/rescue. 〜てください = please do. Say this clearly if you are in trouble.	すみません、助けてください。迷ってしまいました。	Excuse me, please help me. I got lost.	Excuse me, please help. Lost [got accidentally].	jp_to_en, en_to_jp			114	1776306276063
MJD-115	JP Missions :: 01 Relationship	relationship	connection_and_followup	must_now	2	phrase	active	False	True	地図はありますか？	chizu wa arimasu ka?	Is there a map?	地図 = map. あります = there is/exists. ありませんか = isn't there? Good at any info desk.	すみません、地図は ありますか？	Excuse me, is there a map?	Excuse me, map [topic] → is there?	jp_to_en, en_to_jp			115	1776306276065
MJD-116	JP Missions :: 01 Relationship	relationship	connection_and_followup	must_now	2	phrase	active	False	True	家族はいますか？	kazoku wa imasu ka?	Do you have family?	家族 = family. います = there is (for people/animals). いません = there is not.	家族は いますか？— はい、妻と子供が います。	Do you have family? — Yes, I have a wife and children.	Family [topic] → is there? → Yes, wife and children → are.	jp_to_en, en_to_jp			116	1776306276067
MJD-117	JP Missions :: 01 Relationship	relationship	connection_and_followup	must_now	2	phrase	active	False	True	子供はいますか？	kodomo wa imasu ka?	Do you have children?	子供 = child/children. います = exists/are (for living things). A warm conversation starter.	子供は いますか？— はい、三人 います。	Do you have children? — Yes, I have three.	Children [topic] → are there? → Yes, three → are.	jp_to_en, en_to_jp			117	1776306276069
MJD-118	JP Missions :: 01 Relationship	relationship	connection_and_followup	must_now	2	phrase	active	False	True	仕事は何ですか？	shigoto wa nan desu ka?	What is your job?	仕事 = work/job. 何 = what. A natural question when getting to know someone.	仕事は 何ですか？	What is your job?	Job [topic] → what is?	jp_to_en, en_to_jp			118	1776306276071
MJD-119	JP Missions :: 01 Relationship	relationship	connection_and_followup	must_now	2	phrase	active	False	True	趣味は何ですか？	shumi wa nan desu ka?	What are your hobbies?	趣味 = hobby/interest. 何 = what. Opens up fun and friendly conversation.	趣味は 何ですか？— 写真を 撮ります。	What are your hobbies? — I take photos.	Hobby [topic] → what is? → Photos [object] → take.	jp_to_en, en_to_jp			119	1776306276073
MJD-120	JP Missions :: 01 Relationship	relationship	connection_and_followup	must_now	2	phrase	active	False	True	どこに住んでいますか？	doko ni sunde imasu ka?	Where do you live?	どこ = where. 住んでいます = am living (ongoing state). 〜ていますか = are you ___ing?	どこに 住んでいますか？— 札幌に 住んでいます。	Where do you live? — I live in Sapporo.	Where [in] → living? → Sapporo [in] → living.	jp_to_en, en_to_jp			120	1776306276075
MJD-121	JP Missions :: 01 Relationship	relationship	connection_and_followup	must_now	2	phrase	active	False	True	札幌は好きですか？	Sapporo wa suki desu ka?	Do you like Sapporo?	好き = like/fond of. ですか = polite question. A great way to invite someone to share.	札幌は 好きですか？— はい、大好きです！	Do you like Sapporo? — Yes, I love it!	Sapporo [topic] → like? → Yes, love it!	jp_to_en, en_to_jp			121	1776306276077
MJD-122	JP Missions :: 01 Relationship	relationship	connection_and_followup	must_now	2	phrase	active	False	True	日本が大好きです	Nihon ga daisuki desu	I love Japan	大好き = love very much (大 = big/great + 好き = like). Say this and watch faces light up.	日本が 大好きです。また来たいです。	I love Japan. I want to come again.	Japan [subject] → love. Again → want to come.	jp_to_en, en_to_jp			122	1776306276079
MJD-123	JP Missions :: 01 Relationship	relationship	connection_and_followup	must_now	2	phrase	active	False	True	また来たいです	mata kitai desu	I want to come again	また = again. 来たい = want to come. 来たいです = want to come (polite). A warm farewell.	日本が大好きです。また来たいです。	I love Japan. I want to come again.	Japan love. Again → want to come.	jp_to_en, en_to_jp			123	1776306276081
MJD-124	JP Missions :: 01 Relationship	relationship	connection_and_followup	must_now	2	phrase	active	False	True	一緒に食事しませんか？	issho ni shokuji shimasen ka?	Would you like to eat together?	一緒に = together. 食事 = meal. 〜しませんか？ = wouldn't you like to...? Warm invitation.	一緒に 食事しませんか？	Would you like to eat together?	Together → meal wouldn't you like to have?	jp_to_en, en_to_jp			124	1776306276083
MJD-125	JP Missions :: 01 Relationship	relationship	connection_and_followup	must_now	2	phrase	active	False	True	連絡してください	renraku shite kudasai	Please keep in touch	連絡する = to contact/reach out. 〜してください = please do. Say this at every goodbye.	またね。連絡してください。	Bye. Please keep in touch.	Bye. Contact → please do.	jp_to_en, en_to_jp			125	1776306276085
MJD-132	JP Missions :: 01 Relationship	relationship	farewell_followup	must_now	2	core_phrase	production	True	True	また会いましょう。連絡してください。	mata aimashou. renraku shite kudasai.	The farewell that keeps the door open	Again → let's meet. Contact → please do. Say this to everyone you want to see again.	また会いましょう。連絡してください。	Let's meet again. Please keep in touch.	Again → let's meet. Contact → please do.	jp_to_en, en_to_jp, shadowing			132	1776306276099
MJD-043	JP Missions :: 02 Navigation & Survival	navigation_survival	transit_food_survival	must_now	4	phrase	active	False	True	いくらですか？	ikura desu ka?	How much does it cost?	いくら = how much (money). ですか = polite question. Essential for any shopping.	これは いくらですか？	How much is this?	This [topic] → how much is?	jp_to_en, en_to_jp			43	1776306275921
MJD-044	JP Missions :: 02 Navigation & Survival	navigation_survival	transit_food_survival	soon	4	phrase	active	False	True	___円です	___ en desu	It is ___ yen	Just say the number + 円 + です. No extra words needed. 五百円です = It's 500 yen.	五百円 です。	It is 500 yen.	Five hundred yen → is.	jp_to_en, en_to_jp			44	1776306275923
MJD-045	JP Missions :: 02 Navigation & Survival	navigation_survival	transit_food_survival	must_now	4	phrase	active	False	True	どこですか？	doko desu ka?	Where is it?	どこ = where. Put any place before it: 教会はどこですか？ = Where is the church?	トイレは どこですか？	Where is the restroom?	Restroom [topic] → where is?	jp_to_en, en_to_jp			45	1776306275925
MJD-046-1	JP Missions :: 02 Navigation & Survival	navigation_survival	transit_food_survival	soon	4	vocab	active	False	True	右	migi	Right	右 = right. 左 = left. You'll use these when someone gives you directions.	右に 曲がってください。	Please turn right.	Right [to] → please turn.	jp_to_en, en_to_jp	multi_concept_source_card	split_into_atomic_entries	46	1776306275927
MJD-046-2	JP Missions :: 02 Navigation & Survival	navigation_survival	transit_food_survival	soon	4	vocab	active	False	True	左	hidari	Left	右 = right. 左 = left. You'll use these when someone gives you directions.	右に 曲がってください。	Please turn right.	Right [to] → please turn.	jp_to_en, en_to_jp	multi_concept_source_card	split_into_atomic_entries	46	1776306275927
MJD-047	JP Missions :: 02 Navigation & Survival	navigation_survival	transit_food_survival	must_now	4	phrase	active	False	True	まっすぐ	massugu	Straight ahead	Used when giving or getting directions. まっすぐ行ってください = please go straight.	まっすぐ 行ってください。	Please go straight ahead.	Straight ahead → please go.	jp_to_en, en_to_jp			47	1776306275929
MJD-048	JP Missions :: 02 Navigation & Survival	navigation_survival	transit_food_survival	soon	4	phrase	active	False	True	近い / 遠い	chikai / tooi	Near / Far	近い = close/near. 遠い = far. Very useful for judging distances when navigating.	駅は 近いですか？	Is the station nearby?	Station [topic] → near is?	jp_to_en, en_to_jp			48	1776306275931
MJD-049-1	JP Missions :: 02 Navigation & Survival	navigation_survival	transit_food_survival	must_now	4	vocab	active	False	True	ここ	koko	Here	ここ = here (near me). そこ = there (near you). あそこ = over there (away from both of us).	教会は あそこです。	The church is over there.	Church [topic] → over there is.	jp_to_en, en_to_jp	multi_concept_source_card	split_into_atomic_entries	49	1776306275933
MJD-049-2	JP Missions :: 02 Navigation & Survival	navigation_survival	transit_food_survival	must_now	4	vocab	active	False	True	そこ	soko	There (near you)	ここ = here (near me). そこ = there (near you). あそこ = over there (away from both of us).	教会は あそこです。	The church is over there.	Church [topic] → over there is.	jp_to_en, en_to_jp	multi_concept_source_card	split_into_atomic_entries	49	1776306275933
MJD-049-3	JP Missions :: 02 Navigation & Survival	navigation_survival	transit_food_survival	must_now	4	vocab	active	False	True	あそこ	asoko	Over there	ここ = here (near me). そこ = there (near you). あそこ = over there (away from both of us).	教会は あそこです。	The church is over there.	Church [topic] → over there is.	jp_to_en, en_to_jp	multi_concept_source_card	split_into_atomic_entries	49	1776306275933
MJD-050	JP Missions :: 02 Navigation & Survival	navigation_survival	transit_food_survival	soon	4	vocab	active	False	True	駅	eki	Train station	You'll see this kanji everywhere in Japan. 札幌駅 = Sapporo Station.	札幌駅は どこですか？	Where is Sapporo Station?	Sapporo Station [topic] → where is?	jp_to_en, en_to_jp			50	1776306275935
MJD-051-1	JP Missions :: 02 Navigation & Survival	navigation_survival	transit_food_survival	soon	4	vocab	active	False	True	バス	basu	Bus	バス is from the English 'bus.' 電車 = electric train. You'll use both in Sapporo.	このバスは 教会に 行きますか？	Does this bus go to the church?	This bus [topic] → church [to] → goes?	jp_to_en, en_to_jp	multi_concept_source_card	split_into_atomic_entries	51	1776306275937
MJD-051-2	JP Missions :: 02 Navigation & Survival	navigation_survival	transit_food_survival	soon	4	vocab	active	False	True	電車	densha	Train	バス is from the English 'bus.' 電車 = electric train. You'll use both in Sapporo.	このバスは 教会に 行きますか？	Does this bus go to the church?	This bus [topic] → church [to] → goes?	jp_to_en, en_to_jp	multi_concept_source_card	split_into_atomic_entries	51	1776306275937
MJD-052	JP Missions :: 02 Navigation & Survival	navigation_survival	transit_food_survival	soon	4	vocab	active	False	True	切符	kippu	Ticket	The word for a transit or entry ticket. 切符はどこで買えますか？ = Where can I buy a ticket?	切符を ください。	Please give me a ticket.	Ticket [object] → please give me.	jp_to_en, en_to_jp			52	1776306275939
MJD-053-1	JP Missions :: 02 Navigation & Survival	navigation_survival	transit_food_survival	soon	4	vocab	active	False	True	出口	deguchi	Exit	出 = exit/leave. 入 = enter. 口 = mouth/opening. You'll see these signs everywhere.	出口は どこですか？	Where is the exit?	Exit [topic] → where is?	jp_to_en, en_to_jp	multi_concept_source_card	split_into_atomic_entries	53	1776306275941
MJD-053-2	JP Missions :: 02 Navigation & Survival	navigation_survival	transit_food_survival	soon	4	vocab	active	False	True	入口	iriguchi	Entrance	出 = exit/leave. 入 = enter. 口 = mouth/opening. You'll see these signs everywhere.	出口は どこですか？	Where is the exit?	Exit [topic] → where is?	jp_to_en, en_to_jp	multi_concept_source_card	split_into_atomic_entries	53	1776306275941
MJD-054	JP Missions :: 02 Navigation & Survival	navigation_survival	transit_food_survival	must_now	4	phrase	active	False	True	___まで行きたいです	___ made ikitai desu	I want to go to ___	まで = up to. 行きたい = want to go. Fill in your destination. Very useful on buses.	札幌駅まで 行きたいです。	I want to go to Sapporo Station.	Sapporo Station [up to] → want to go.	jp_to_en, en_to_jp			54	1776306275943
MJD-055	JP Missions :: 02 Navigation & Survival	navigation_survival	transit_food_survival	soon	4	vocab	active	False	True	次の停留所	tsugi no teiryuujo	Next bus stop	次 = next. 停留所 = bus stop. Ask the driver or another passenger if unsure.	次の停留所は どこですか？	Where is the next stop?	Next bus stop [topic] → where is?	jp_to_en, en_to_jp			55	1776306275945
MJD-056	JP Missions :: 02 Navigation & Survival	navigation_survival	transit_food_survival	soon	4	phrase	active	False	True	ここで降りてもいいですか？	koko de orite mo ii desu ka?	May I get off here?	降りる = to get off. 〜てもいいですか = is it okay if I...? Very polite request.	ここで 降りてもいいですか？	May I get off here?	Here [at] → get off okay is?	jp_to_en, en_to_jp			56	1776306275947
MJD-057	JP Missions :: 02 Navigation & Survival	navigation_survival	transit_food_survival	must_now	4	phrase	active	False	True	迷ってしまいました	mayotte shimaimashita	I got lost	〜てしまいました = something happened accidentally. Humble and natural-sounding.	すみません、迷ってしまいました。助けてください。	Excuse me, I got lost. Please help me.	Excuse me, got lost [accidentally]. Help → please.	jp_to_en, en_to_jp			57	1776306275949
MJD-058	JP Missions :: 02 Navigation & Survival	navigation_survival	transit_food_survival	must_now	4	phrase	active	False	True	歩いて何分ですか？	aruite nampun desu ka?	How many minutes on foot?	歩いて = on foot/walking. 何分 = how many minutes. Great for judging whether to walk or ride.	駅まで 歩いて何分ですか？	How many minutes on foot to the station?	Station [to] → walking how many minutes is?	jp_to_en, en_to_jp			58	1776306275951
MJD-059	JP Missions :: 02 Navigation & Survival	navigation_survival	transit_food_survival	soon	4	phrase	active	False	True	タクシーを呼んでください	takushii wo yonde kudasai	Please call a taxi	タクシー = taxi (from English). 呼ぶ = to call/summon. 〜てください = please do.	すみません、タクシーを 呼んでください。	Excuse me, please call a taxi.	Excuse me, taxi [object] → please call.	jp_to_en, en_to_jp			59	1776306275953
MJD-060	JP Missions :: 02 Navigation & Survival	navigation_survival	transit_food_survival	must_now	4	phrase	active	False	True	メニューをください	menyuu wo kudasai	Please give me a menu	メニュー = menu (from English). 〜をください = please give me ___. Simple and polite.	すみません、メニューを ください。	Excuse me, please give me a menu.	Excuse me, menu [object] → please give.	jp_to_en, en_to_jp			60	1776306275955
MJD-061	JP Missions :: 02 Navigation & Survival	navigation_survival	transit_food_survival	must_now	4	phrase	active	False	True	___をください	___ wo kudasai	Please give me ___	The most useful restaurant phrase. Fill the blank with what you want. 水をください = water please.	水を ください。	Please give me water.	Water [object] → please give.	jp_to_en, en_to_jp			61	1776306275957
MJD-062	JP Missions :: 02 Navigation & Survival	navigation_survival	transit_food_survival	must_now	4	phrase	active	False	True	おすすめは何ですか？	osusume wa nan desu ka?	What do you recommend?	おすすめ = recommendation. 何 = what. Great for connecting with locals over food.	おすすめは 何ですか？	What do you recommend?	Recommendation [topic] → what is?	jp_to_en, en_to_jp			62	1776306275959
MJD-063	JP Missions :: 02 Navigation & Survival	navigation_survival	transit_food_survival	must_now	4	phrase	active	False	True	おいしい！	oishii!	Delicious! Tasty!	One word that will make every cook or host beam with joy. Say it with feeling!	これは おいしいです！	This is delicious!	This [topic] → delicious is!	jp_to_en, en_to_jp			63	1776306275961
MJD-064-1	JP Missions :: 02 Navigation & Survival	navigation_survival	transit_food_survival	soon	4	vocab	active	False	True	水	mizu	Water	水 = water. お茶 = tea (お is a polite prefix). Both are usually free at Japanese restaurants.	お茶を ください。	Please give me tea.	Tea [object] → please give.	jp_to_en, en_to_jp	multi_concept_source_card	split_into_atomic_entries	64	1776306275963
MJD-064-2	JP Missions :: 02 Navigation & Survival	navigation_survival	transit_food_survival	soon	4	vocab	active	False	True	お茶	ocha	Tea	水 = water. お茶 = tea (お is a polite prefix). Both are usually free at Japanese restaurants.	お茶を ください。	Please give me tea.	Tea [object] → please give.	jp_to_en, en_to_jp	multi_concept_source_card	split_into_atomic_entries	64	1776306275963
MJD-065	JP Missions :: 02 Navigation & Survival	navigation_survival	transit_food_survival	soon	4	vocab	active	False	True	ご飯	gohan	Rice / Meal	ご飯 literally means rice but also means 'meal' in general. 朝ご飯 = breakfast. 夜ご飯 = dinner.	ご飯を 食べましょう！	Let's eat!	Meal [object] → let's eat!	jp_to_en, en_to_jp			65	1776306275965
MJD-066	JP Missions :: 02 Navigation & Survival	navigation_survival	transit_food_survival	soon	4	phrase	active	False	True	アレルギーがあります	arerugii ga arimasu	I have an allergy	アレルギー = allergy (from English). あります = there is / I have. Say the food before it.	えびアレルギーが あります。	I have a shrimp allergy.	Shrimp allergy [subject] → exists/have.	jp_to_en, en_to_jp			66	1776306275967
MJD-067	JP Missions :: 02 Navigation & Survival	navigation_survival	transit_food_survival	soon	4	phrase	active	False	True	肉なしでお願いします	niku nashi de onegaishimasu	Without meat please	〜なしで = without ___. お願いします = please. Works for any ingredient — 魚なし = no fish.	肉なしで お願いします。	Without meat please.	Meat without [by means of] → please.	jp_to_en, en_to_jp			67	1776306275969
MJD-068	JP Missions :: 02 Navigation & Survival	navigation_survival	transit_food_survival	must_now	4	phrase	active	False	True	お会計をお願いします	okaikei wo onegaishimasu	Check please / Bill please	お会計 = the bill/check. This is the polite standard way to ask for your check at a restaurant.	すみません、お会計を お願いします。	Excuse me, check please.	Excuse me, bill [object] → please.	jp_to_en, en_to_jp			68	1776306275971
MJD-069-1	JP Missions :: 02 Navigation & Survival	navigation_survival	transit_food_survival	soon	4	vocab	active	False	True	一人	hitori	One person	Japanese counting for people is special: 一人 (hitori), 二人 (futari). From three: 三人 (sannin).	二人 です。	There are two of us.	Two people → is.	jp_to_en, en_to_jp	multi_concept_source_card	split_into_atomic_entries	69	1776306275973
MJD-069-2	JP Missions :: 02 Navigation & Survival	navigation_survival	transit_food_survival	soon	4	vocab	active	False	True	二人	futari	Two people	Japanese counting for people is special: 一人 (hitori), 二人 (futari). From three: 三人 (sannin).	二人 です。	There are two of us.	Two people → is.	jp_to_en, en_to_jp	multi_concept_source_card	split_into_atomic_entries	69	1776306275973
MJD-070	JP Missions :: 02 Navigation & Survival	navigation_survival	transit_food_survival	must_now	4	vocab	active	False	True	予約があります	yoyaku ga arimasu	I have a reservation	予約 = reservation/booking. あります = have/exists. ありません = don't have.	ジョンの名前で 予約があります。	I have a reservation under the name Jon.	Jon's name [by] → reservation exists.	jp_to_en, en_to_jp			70	1776306275975
MJD-071-1	JP Missions :: 02 Navigation & Survival	navigation_survival	transit_food_survival	soon	4	phrase	active	False	True	食べます	tabemasu	I eat / will eat	食べます = eat. 飲みます = drink. Two of the most common verbs at any meal.	一緒に 食べましょう！	Let's eat together!	Together → let's eat!	jp_to_en, en_to_jp	multi_concept_source_card	split_into_atomic_entries	71	1776306275977
MJD-071-2	JP Missions :: 02 Navigation & Survival	navigation_survival	transit_food_survival	soon	4	phrase	active	False	True	飲みます	nomimasu	I drink / will drink	食べます = eat. 飲みます = drink. Two of the most common verbs at any meal.	一緒に 食べましょう！	Let's eat together!	Together → let's eat!	jp_to_en, en_to_jp	multi_concept_source_card	split_into_atomic_entries	71	1776306275977
MJD-072	JP Missions :: 02 Navigation & Survival	navigation_survival	transit_food_survival	soon	4	vocab	active	False	True	おいくつですか？	oikutsu desu ka?	How many? / How old are you?	Context tells you which meaning. At a restaurant = how many people. In conversation = how old.	何名様 ですか？	How many people? (polite, restaurant version)	How many people [honorific] → is?	jp_to_en, en_to_jp	meaning_depends_on_context		72	1776306275979
MJD-073	JP Missions :: 03 Ministry	ministry	church_and_gospel	soon	8	vocab	active	False	True	教会	kyoukai	Church	The word for a Christian church building or congregation. You'll say this every day.	教会に 来てください。	Please come to the church.	Church [to] → please come.	jp_to_en, en_to_jp			73	1776306275981
MJD-074	JP Missions :: 03 Ministry	ministry	church_and_gospel	soon	8	vocab	active	False	True	礼拝	reihai	Worship service	礼 = ceremony/bow. 拝 = worship. Together = a worship service or church service.	今週の日曜日に 礼拝が あります。	There is a worship service this Sunday.	This week's Sunday [on] → service [subject] → is.	jp_to_en, en_to_jp			74	1776306275983
MJD-075-1	JP Missions :: 03 Ministry	ministry	church_and_gospel	soon	8	vocab	active	False	True	祈り	inori	Prayer	祈り = prayer (the noun). 祈ります = I pray (the verb). Both essential for ministry.	あなたのために 祈ります。	I will pray for you.	You [for] → pray.	jp_to_en, en_to_jp	romaji_typo_in_source, multi_concept_source_card	romaji_corrected, split_into_atomic_entries	75	1776306275985
MJD-075-2	JP Missions :: 03 Ministry	ministry	church_and_gospel	soon	8	vocab	active	False	True	祈ります	inorimasu	I pray / will pray	祈り = prayer (the noun). 祈ります = I pray (the verb). Both essential for ministry.	あなたのために 祈ります。	I will pray for you.	You [for] → pray.	jp_to_en, en_to_jp	romaji_typo_in_source, multi_concept_source_card	romaji_corrected, split_into_atomic_entries	75	1776306275985
MJD-076	JP Missions :: 03 Ministry	ministry	church_and_gospel	soon	8	vocab	active	False	True	聖書	seisho	Bible	聖 = holy/sacred. 書 = book/writing. The Holy Scriptures.	一緒に 聖書を 読みましょう。	Let's read the Bible together.	Together → Bible [object] → let's read.	jp_to_en, en_to_jp			76	1776306275987
MJD-077	JP Missions :: 03 Ministry	ministry	church_and_gospel	soon	8	vocab	active	False	True	神様	kamisama	God	神 = god/deity. 様 = honorific suffix (like Lord). Always use 神様 when referring to God respectfully.	神様は あなたを 愛しています。	God loves you.	God [topic] → you [object] → loves.	jp_to_en, en_to_jp	usage_note_is_overly_absolute		77	1776306275989
MJD-078	JP Missions :: 03 Ministry	ministry	church_and_gospel	later	8	vocab	active	False	False	イエス様	Iesu sama	Lord Jesus	イエス = Jesus (phonetic). 様 = honorific (Lord / respected person). Always add 様 for respect.	イエス様は 私たちのために 来ました。	Lord Jesus came for us.	Lord Jesus [topic] → us [for] → came.	jp_to_en, en_to_jp	usage_note_is_overly_absolute		78	1776306275991
MJD-079	JP Missions :: 03 Ministry	ministry	church_and_gospel	later	8	vocab	active	False	False	信じます	shinjimasu	I believe	信じる = to believe. 信じます = I believe (polite). 信じていますか？ = Do you believe?	イエス様を 信じます。	I believe in Lord Jesus.	Lord Jesus [object] → believe.	jp_to_en, en_to_jp			79	1776306275993
MJD-080	JP Missions :: 03 Ministry	ministry	church_and_gospel	later	8	vocab	active	False	False	信仰	shinkou	Faith	信 = trust/believe. 仰 = look up to. Together = faith — looking up in trust.	私の信仰は 神様に あります。	My faith is in God.	My faith [topic] → God [in] → is.	jp_to_en, en_to_jp			80	1776306275995
MJD-081	JP Missions :: 03 Ministry	ministry	church_and_gospel	later	8	vocab	active	False	False	クリスチャン	Kurisuchan	Christian	Borrowed from English. Easy to say and immediately understood by anyone in Japan.	私は クリスチャン です。	I am a Christian.	I [topic] → Christian → am.	jp_to_en, en_to_jp			81	1776306275997
MJD-082	JP Missions :: 03 Ministry	ministry	church_and_gospel	later	8	vocab	active	False	False	洗礼	senrei	Baptism	洗 = wash/cleanse. 礼 = ceremony. The ceremony of washing — baptism.	洗礼を 受けましたか？	Have you been baptized?	Baptism [object] → received?	jp_to_en, en_to_jp			82	1776306275999
MJD-083	JP Missions :: 03 Ministry	ministry	church_and_gospel	later	8	vocab	active	False	False	救い	sukui	Salvation	From 救う (sukuu) = to save/rescue. 救い = the act of saving — salvation.	イエス様は 私たちに 救いを 与えました。	Lord Jesus gave us salvation.	Lord Jesus [topic] → us [to] → salvation [object] → gave.	jp_to_en, en_to_jp			83	1776306276001
MJD-084	JP Missions :: 03 Ministry	ministry	church_and_gospel	later	8	vocab	active	False	False	恵み	megumi	Grace	A beautiful word meaning grace, blessing, or gift from above. Often used in hymns and prayer.	神様の恵みは 大きいです。	God's grace is great.	God's grace [topic] → great is.	jp_to_en, en_to_jp			84	1776306276003
MJD-085	JP Missions :: 03 Ministry	ministry	church_and_gospel	later	8	vocab	active	False	False	愛	ai	Love	The word for love — deep, unconditional love. 神様の愛 = God's love.	神様の愛は 永遠です。	God's love is eternal.	God's love [topic] → eternal is.	jp_to_en, en_to_jp			85	1776306276005
MJD-086	JP Missions :: 03 Ministry	ministry	church_and_gospel	later	8	core_phrase	production	True	False	神様はあなたを愛しています	kamisama wa anata o aishite imasu	God loves you	One of the most important sentences you'll say. 愛しています = is loving (ongoing, present).	神様は あなたを 愛しています。本当に。	God loves you. Truly.	God [topic] → you [object] → loves. Truly.	jp_to_en, en_to_jp, shadowing	ministry_statement_best_used_after_relationship_context	merged_duplicate_core_sentence_variant	86	1776306276007
MJD-087	JP Missions :: 03 Ministry	ministry	church_and_gospel	later	8	phrase	active	False	False	一緒に祈りましょう	issho ni inorimashou	Let's pray together	一緒に = together. 〜ましょう = let's do ___. A warm, inviting phrase.	一緒に 祈りましょう。	Let's pray together.	Together → let's pray.	jp_to_en, en_to_jp	romaji_typo_in_source	romaji_corrected	87	1776306276009
MJD-088	JP Missions :: 03 Ministry	ministry	church_and_gospel	soon	8	phrase	active	False	True	礼拝に来てください	reihai ni kite kudasai	Please come to the worship service	礼拝 = worship service. に = to (direction). 来てください = please come.	今週の日曜日に 礼拝に 来てください。	Please come to the worship service this Sunday.	This Sunday [on] → service [to] → please come.	jp_to_en, en_to_jp			88	1776306276011
MJD-089	JP Missions :: 03 Ministry	ministry	church_and_gospel	soon	8	core_phrase	production	True	True	あなたのために祈ってもいいですか？	anata no tame ni inotte mo ii desu ka?	May I pray for you?	〜てもいいですか = is it okay if I...? Very polite. This phrase opens hearts.	あなたのために 祈ってもいいですか？	May I pray for you?	You [for] → pray okay is?	jp_to_en, en_to_jp, shadowing	high_value_ministry_phrase	merged_duplicate_core_sentence_variant	89	1776306276013
MJD-090	JP Missions :: 03 Ministry	ministry	church_and_gospel	later	8	phrase	active	False	False	神様の平和があなたと共にありますように	kamisama no heiwa ga anata to tomo ni arimasu you ni	May God's peace be with you	〜ように = may it be that... A blessing/wish. Beautiful farewell after prayer.	神様の平和が あなたと共に ありますように。	May God's peace be with you.	God's peace [subject] → you with together → may it be.	jp_to_en, en_to_jp	romaji_incomplete_in_source	romaji_completed	90	1776306276015
MJD-091	JP Missions :: 03 Ministry	ministry	church_and_gospel	later	8	vocab	active	False	False	賛美歌	sanbika	Hymn / Praise song	賛 = praise. 美 = beauty. 歌 = song. A praise song or hymn sung in church.	一緒に 賛美歌を 歌いましょう。	Let's sing a hymn together.	Together → hymn [object] → let's sing.	jp_to_en, en_to_jp			91	1776306276017
MJD-092	JP Missions :: 03 Ministry	ministry	church_and_gospel	later	8	vocab	active	False	False	牧師	bokushi	Pastor	牧 = shepherd/tend. 師 = teacher/master. The shepherd-teacher — a pastor.	牧師は どこにいますか？	Where is the pastor?	Pastor [topic] → where is?	jp_to_en, en_to_jp			92	1776306276019
MJD-093	JP Missions :: 03 Ministry	ministry	church_and_gospel	later	8	vocab	active	False	False	宣教師	senkyoushi	Missionary	宣 = proclaim. 教 = teach. 師 = master. One who proclaims and teaches — a missionary.	私は アメリカからの 宣教師です。	I am a missionary from America.	I [topic] → from America's → missionary am.	jp_to_en, en_to_jp			93	1776306276021
MJD-094	JP Missions :: 03 Ministry	ministry	church_and_gospel	later	8	vocab	active	False	False	証し	akashi	Testimony	Your personal story of faith. 証しをしてもいいですか？ = May I share my testimony?	私の証しを 聞いてください。	Please listen to my testimony.	My testimony [object] → please listen.	jp_to_en, en_to_jp			94	1776306276023
MJD-095	JP Missions :: 03 Ministry	ministry	church_and_gospel	later	8	vocab	active	False	False	福音	fukuin	Gospel / Good news	福 = blessing/fortune. 音 = sound/news. Literally 'good tidings' — the gospel.	これが イエス様の 福音です。	This is the gospel of Lord Jesus.	This [subject] → Lord Jesus's → gospel is.	jp_to_en, en_to_jp			95	1776306276025
MJD-096	JP Missions :: 03 Ministry	ministry	church_and_gospel	later	8	vocab	active	False	False	希望	kibou	Hope	希 = rare/hope. 望 = wish/desire. Together = hope — a precious and rare desire.	イエス様は 私たちの 希望です。	Lord Jesus is our hope.	Lord Jesus [topic] → our → hope is.	jp_to_en, en_to_jp			96	1776306276027
MJD-097	JP Missions :: 03 Ministry	ministry	church_and_gospel	later	8	vocab	active	False	False	平和	heiwa	Peace	平 = flat/peaceful. 和 = harmony/Japan. Together = peace and harmony.	神様の平和が あなたと共に ありますように。	May God's peace be with you.	God's peace [subject] → with you → may it be.	jp_to_en, en_to_jp			97	1776306276029
MJD-098	JP Missions :: 03 Ministry	ministry	church_and_gospel	later	8	vocab	active	False	False	喜び	yorokobi	Joy	The deep, lasting joy that comes from faith. Different from happiness which depends on circumstances.	神様の喜びが あなたの力です。	The joy of God is your strength.	God's joy [subject] → your strength is.	jp_to_en, en_to_jp			98	1776306276031
MJD-099	JP Missions :: 03 Ministry	ministry	church_and_gospel	later	8	phrase	active	False	False	感謝します	kansha shimasu	I am grateful / Thank you (heartfelt)	Deeper than ありがとう. Used in prayer or when you're truly moved with gratitude.	神様に 感謝します。	I give thanks to God.	God [to] → give thanks.	jp_to_en, en_to_jp			99	1776306276033
MJD-100	JP Missions :: 03 Ministry	ministry	church_and_gospel	later	8	phrase	active	False	False	私はクリスチャンです	watashi wa Kurisuchan desu	I am a Christian	Simple and clear. Your identity in one sentence. Say it confidently.	私は クリスチャン です。アメリカの教会から来ました。	I am a Christian. I came from a church in America.	I [topic] → Christian → am. America's church [from] → came.	jp_to_en, en_to_jp	ministry_statement_best_used_after_relationship_context		100	1776306276035
MJD-101	JP Missions :: 03 Ministry	ministry	church_and_gospel	later	8	core_phrase	production	True	False	日本のために祈っています	nihon no tame ni inotte imasu	I am praying for Japan	〜のために = for the sake of. 〜ています = ongoing action. Powerful sentence for why you came.	アメリカから来ました。日本のために 祈っています。	I came from America. I am praying for Japan.	America [from] came. Japan [for] → praying am.	jp_to_en, en_to_jp, shadowing		merged_duplicate_core_sentence_variant	101	1776306276037
MJD-102	JP Missions :: 03 Ministry	ministry	church_and_gospel	later	8	phrase	active	False	False	イエスは私たちのために死にました	Iesu wa watashitachi no tame ni shinimashita	Jesus died for us	私たち = we/us. 〜のために = for the sake of. 死にました = died (past polite).	イエス様は 私たちのために 死にました。	Lord Jesus died for us.	Lord Jesus [topic] → us [for] → died.	jp_to_en, en_to_jp	ministry_statement_best_used_after_relationship_context		102	1776306276039
MJD-103	JP Missions :: 03 Ministry	ministry	church_and_gospel	later	8	phrase	active	False	False	でも、復活しました	demo, fukkatsu shimashita	But he rose again	でも = but/however. 復活 = resurrection. しました = did (past). The heart of the gospel.	死にました。でも、復活しました！	He died. But he rose again!	Died. But → rose again!	jp_to_en, en_to_jp	ministry_statement_best_used_after_relationship_context		103	1776306276041
MJD-104	JP Missions :: 03 Ministry	ministry	church_and_gospel	later	8	phrase	active	False	False	罪の赦し	tsumi no yurushi	Forgiveness of sins	罪 = sin/crime. の = possessive. 赦し = forgiveness/pardon. Core gospel vocabulary.	イエス様は 罪の赦しを 与えます。	Lord Jesus gives forgiveness of sins.	Lord Jesus [topic] → sin's forgiveness [object] → gives.	jp_to_en, en_to_jp			104	1776306276043
MJD-105	JP Missions :: 03 Ministry	ministry	church_and_gospel	later	8	phrase	active	False	False	永遠のいのち	eien no inochi	Eternal life	永遠 = eternal/forever. の = possessive. いのち = life. The promise of the gospel.	信じれば 永遠のいのちを 得ます。	If you believe, you will receive eternal life.	If believe → eternal life [object] → receive.	jp_to_en, en_to_jp			105	1776306276045
MJD-106	JP Missions :: 03 Ministry	ministry	church_and_gospel	later	8	phrase	active	False	False	信じれば救われます	shinjireba sukuwaremasu	If you believe, you will be saved	〜れば = if ___. 救われます = will be saved (passive polite). A key gospel statement.	イエス様を 信じれば 救われます。	If you believe in Lord Jesus, you will be saved.	Lord Jesus [object] → if believe → will be saved.	jp_to_en, en_to_jp	ministry_statement_best_used_after_relationship_context		106	1776306276047
MJD-126	JP Missions :: 03 Ministry	ministry	blessing_and_prayer	later	9	phrase	active	False	False	あなたのために祈ります	anata no tame ni inorimasu	I will pray for you	あなたのために = for you / for your sake. 祈ります = I will pray. A parting gift of love.	あなたのために 祈ります。神様が 守ってくださいますように。	I will pray for you. May God protect you.	You [for] → will pray. God [subject] → may protect you.	jp_to_en, en_to_jp	romaji_typo_in_source, high_value_ministry_phrase	romaji_corrected	126	1776306276087
MJD-127	JP Missions :: 03 Ministry	ministry	blessing_and_prayer	later	9	phrase	active	False	False	神様の祝福がありますように	Kamisama no shukufuku ga arimasu you ni	May God bless you	祝福 = blessing. 〜ように = may it be that... A blessing or wish for someone.	神様の祝福が ありますように。またね。	May God bless you. Bye.	God's blessing [subject] → may there be. Bye.	jp_to_en, en_to_jp	high_value_ministry_phrase		127	1776306276089
